{"cameraMode":{"drawMode":0,"name":"Shaded","section":"Shading Mode"},"sceneLighting":true,"audioPlay":false,"sceneViewState":{"showFog":true,"showMaterialUpdate":false,"showSkybox":true,"showFlares":true,"showImageEffects":true,"showParticleSystems":true},"in2DMode":false,"pivot":{"x":-1.3129961490631104,"y":4.943872451782227,"z":2.7492692470550539},"rotation":{"x":-0.20621207356452943,"y":-0.6497891545295715,"z":0.1894664615392685,"w":-0.7067588567733765},"size":5.301961421966553,"orthographic":false}